xm,0
xm,1
xm,2
xm,3
xm,4
xm,5
xm,6
xm,7
xm,8
xm,9
xm,10
xm,11
xm,12
xm,13
xm,14
xm,15
xm,16
xm,17
xm,18
xm,19
xm,20
xm,21
xm,22
xm,23
xm,24
xm,25
xm,26
xm,27
xm,28
xm,29
xm,30
xm,31
xm,32
xm,33
xm,34
xm,35
xm,36
xm,37
xm,38
xm,39
xm,40
xm,41
xm,42
xm,43
xm,44
xm,45
xm,46
xm,47
xm,48
xm,49
xm,50
xm,51
xm,52
xm,53
xm,54
xm,55
xm,56
xm,57
xm,58
xm,59
xm,60
xm,61
xm,62
xm,63
xm,64
xm,65
xm,66
xm,67
xm,68
xm,69
xm,70
xm,71
xm,72
xm,73
xm,74
xm,75
xm,76
xm,77
xm,78
xm,79
xm,80
xm,81
xm,82
xm,83
xm,84
xm,85
xm,86
xm,87
xm,88
xm,89
xm,90
xm,91
xm,92
xm,93
xm,94
xm,95
xm,96
xm,97
xm,98
xm,99
xm,100
xm,0
xm,1
xm,2
xm,3
xm,4
xm,5
xm,6
xm,7
xm,8
xm,9
xm,10
xm,11
xm,12
xm,13
xm,14
xm,15
xm,16
xm,17
xm,18
xm,19
xm,20
xm,21
xm,22
xm,23
xm,24
xm,25
xm,26
xm,27
xm,28
xm,29
xm,30
xm,31
xm,32
xm,33
xm,34
xm,35
xm,36
xm,37
xm,38
xm,39
xm,40
xm,41
xm,42
xm,43
xm,44
xm,45
xm,46
xm,47
xm,48
xm,49
xm,50
xm,51
xm,52
xm,53
xm,54
xm,55
xm,56
xm,57
xm,58
xm,59
xm,60
xm,61
xm,62
xm,63
xm,64
xm,65
xm,66
xm,67
xm,68
xm,69
xm,70
xm,71
xm,72
xm,73
xm,74
xm,75
xm,76
xm,77
xm,78
xm,79
xm,80
xm,81
xm,82
xm,83
xm,84
xm,85
xm,86
xm,87
xm,88
xm,89
xm,90
xm,91
xm,92
xm,93
xm,94
xm,95
xm,96
xm,97
xm,98
xm,99
xm,100
xm,0
xm,1
xm,2
xm,3
xm,4
xm,5
xm,6
xm,7
xm,8
xm,9
xm,10
xm,11
xm,12
xm,13
xm,14
xm,15
xm,16
xm,17
xm,18
xm,19
xm,20
xm,21
xm,22
xm,23
xm,24
xm,25
xm,26
xm,27
xm,28
xm,29
xm,30
xm,31
xm,32
xm,33
xm,34
xm,35
xm,36
xm,37
xm,38
xm,39
xm,40
xm,41
xm,42
xm,43
xm,44
xm,45
xm,46
xm,47
xm,48
xm,49
xm,50
xm,51
xm,52
xm,53
xm,54
xm,55
xm,56
xm,57
xm,58
xm,59
xm,60
xm,61
xm,62
xm,63
xm,64
xm,65
xm,66
xm,67
xm,68
xm,69
xm,70
xm,71
xm,72
xm,73
xm,74
xm,75
xm,76
xm,77
xm,78
xm,79
xm,80
xm,81
xm,82
xm,83
xm,84
xm,85
xm,86
xm,87
xm,88
xm,89
xm,90
xm,91
xm,92
xm,93
xm,94
xm,95
xm,96
xm,97
xm,98
xm,99
xm,100
